external_id,first_name,last_name,age,address,city,country,phone_number
1,Liam,Smith,34,12 King St,London,United Kingdom,447911234567
2,Emma,Johnson,27,45 Maple Ave,New York,USA,12125551234
3,Noah,Brown,41,78 Queen Rd,Toronto,Canada,14165559876
4,Mia,Garcia,22,10 Calle Mayor,Madrid,Spain,34699123456
5,Lucas,Muller,36,Schlossstr 9,Berlin,Germany,4915212345678
6,Sofia,Rossi,29,Via Roma 22,Rome,Italy,393331234567
7,Ethan,Wilson,33,High St 5,Sydney,Australia,61412345678
8,Olivia,Taylor,25,Oxford Rd 18,London,United Kingdom,447700900123
9,Daniel,Anderson,38,5th Ave 200,New York,USA,12129876543
10,Ava,Thomas,24,Rue Lafayette 33,Paris,France,33612345678
11,Benjamin,Martin,40,Maple Rd 14,Vancouver,Canada,16045550123
12,Isabella,Lee,28,Orchard Rd 88,Singapore,Singapore,6591123456
13,James,White,31,King St 22,Dublin,Ireland,353871234567
14,Charlotte,Harris,26,George St 9,Sydney,Australia,61498765432
15,William,Clark,45,Elm St 11,Chicago,USA,13125559876
16,Amelia,Lewis,23,Main Rd 5,Manchester,United Kingdom,447755443322
17,Alexander,Walker,37,Highway 66,Auckland,New Zealand,64211234567
18,Emily,Hall,30,Broadway 77,New York,USA,12123334444
19,Henry,Allen,32,Victoria St 10,London,United Kingdom,447712349999
20,Chloe,Young,27,Rue Victor Hugo 21,Lyon,France,33698765432
21,Michael,King,39,Pine St 8,Boston,USA,12126667777
22,Ella,Wright,24,Sunset Blvd 44,Los Angeles,USA,12128889999
23,Sebastian,Scott,35,Av Paulista 1000,Sao Paulo,Brazil,5511987654321
24,Grace,Green,28,Rua Central 12,Rio de Janeiro,Brazil,5521998765432
25,Jack,Adams,41,Queen St 3,London,United Kingdom,447788112233
26,Lily,Baker,22,King St 90,Melbourne,Australia,61411112222
27,David,Nelson,38,Maple St 55,Calgary,Canada,14035551234
28,Aria,Mitchell,25,Park Ave 9,New York,USA,12127778888
29,Samuel,Perez,33,Calle Luna 7,Mexico City,Mexico,5215512345678
30,Victoria,Roberts,29,Oxford St 12,London,United Kingdom,447799900111
31,Leo,Turner,36,High St 44,Berlin,Germany,4915211122334
32,Hannah,Phillips,27,Rue Paris 10,Paris,France,33611122334
33,Matthew,Campbell,40,Elm Rd 22,Dallas,USA,12144445555
34,Zoe,Parker,23,George St 8,Sydney,Australia,61455556666
35,Ryan,Evans,31,Main St 18,Manchester,United Kingdom,447711122233
36,Nora,Edwards,26,Sunset Rd 14,Los Angeles,USA,12145556666
37,Andrew,Collins,39,Maple Ave 33,Toronto,Canada,14162223333
38,Scarlett,Stewart,24,King St 7,Dublin,Ireland,353861234567
39,Joshua,Sanchez,34,Calle Sol 19,Madrid,Spain,34677889900
40,Mila,Morris,28,Rue Seine 5,Paris,France,33699887766
41,Christopher,Rogers,37,Broadway 12,New York,USA,12121231234
42,Layla,Reed,22,High St 99,London,United Kingdom,447733344455
43,Nathan,Cook,33,Elm St 2,Chicago,USA,13123334445
44,Aiden,Morgan,30,Park Lane 6,London,United Kingdom,447755566677
45,Evelyn,Bell,27,Main Rd 21,Sydney,Australia,61477778888
46,Logan,Murphy,36,Queen St 14,Dublin,Ireland,353871112233
47,Harper,Bailey,25,Pine St 19,Boston,USA,12126669999
48,Elijah,Rivera,38,Calle Norte 33,Mexico City,Mexico,521552223344
49,Luna,Cooper,23,Rue Rivoli 18,Paris,France,33612344321
50,Isaac,Richardson,41,Maple Rd 8,Vancouver,Canada,16043334444
51,Aurora,Cox,26,George St 3,Sydney,Australia,61488889999
52,Julian,Howard,35,King St 77,London,United Kingdom,447700112233
53,Madison,Ward,29,Elm St 12,Los Angeles,USA,12124445566
54,Marc,Muster,34,Lindenweg 12,Sentenhart,Germany,491701234567
55,Kai,Nakamura,29,1-2-3 Shibuya,Tokyo,Japan,819012345678
56,Amina,Hassan,27,12 Nile St,Cairo,Egypt,201012345678
57,Mateo,Silva,34,Rua das Flores 88,Lisbon,Portugal,351912345678
58,Anya,Petrova,31,Tverskaya 10,Moscow,Russia,791612345678
59,Omar,Al-Fayed,38,King Abdullah Rd,Riyadh,Saudi Arabia,966512345678
60,Yara,El-Sayed,24,Zamalek St,Cairo,Egypt,20105551234
61,Henrik,Larsen,42,Nyhavn 5,Copenhagen,Denmark,4512345678
62,Elif,Yilmaz,26,Ataturk Blvd,Istanbul,Turkey,905321234567
63,Noor,Ahmed,30,Sheikh Zayed Rd,Dubai,United Arab Emirates,971501234567
64,Santiago,Lopez,33,Carrera 7,Bogota,Colombia,571312345678
65,Isabella,Moretti,28,Via Milano 15,Milan,Italy,393291234567
66,Jonas,Nilsson,37,Drottninggatan 9,Stockholm,Sweden,46701234567
67,Zhang,Wei,35,Nanjing Rd,Shanghai,China,8613812345678
68,Hiroshi,Tanaka,41,Shinjuku 3-4-5,Tokyo,Japan,819012345679
69,Amira,Khan,25,Main Boulevard,Lahore,Pakistan,923001234567
70,Lucas,Martin,30,Rue de Lyon,Paris,France,33612345679
71,Sophie,Dubois,27,Avenue Victor Hugo,Paris,France,33612345680
72,Gabriel,Fernandes,36,Avenida Paulista,Sao Paulo,Brazil,5511981122334
73,Thiago,Almeida,32,Rio Branco 44,Rio de Janeiro,Brazil,5521991122334
74,Emily,Johnson,29,Baker St 221B,London,United Kingdom,447700123456
75,Ethan,Moore,34,5th Avenue 77,New York,USA,12125559871
76,Olivia,Martinez,26,Sunset Blvd 10,Los Angeles,USA,12124443333
77,Noah,Walker,38,Queen St 12,Toronto,Canada,14165551234
78,Ava,Thompson,24,King St 9,Vancouver,Canada,16045556789
79,Liam,Anderson,31,George St 18,Sydney,Australia,61412345679
80,Mia,Robinson,28,Flinders St 22,Melbourne,Australia,61498765433
81,Arjun,Mehta,33,M.G. Road 7,Mumbai,India,919876543210
82,Priya,Sharma,27,Connaught Place 15,New Delhi,India,911234567890
83,Fatima,Zahra,29,Habous Quarter,Casablanca,Morocco,212612345678
84,Youssef,Benali,35,Rue Hassan II,Rabat,Morocco,212612398765
85,Sofia,Conti,30,Via Napoli 20,Naples,Italy,393331112233
86,Marco,Ricci,40,Piazza Roma 3,Rome,Italy,393291112234
87,Lena,Schmidt,25,Karlstr 12,Berlin,Germany,4915112345678
88,Paul,Weber,36,Hauptstr 44,Munich,Germany,4915212345679
89,Anna,Keller,28,Marktplatz 7,Hamburg,Germany,491512345670
90,Tom,Bennett,33,Oxford St 88,London,United Kingdom,447711223344
91,Harry,Clark,29,Elm St 14,Manchester,United Kingdom,447722334455
92,Mason,Hall,41,Broadway 99,Chicago,USA,13125551235
93,Logan,Allen,37,Pine St 20,Boston,USA,12126661234
94,Harper,Young,23,Main St 8,Seattle,USA,12065559876
95,Ella,King,26,Market St 11,San Francisco,USA,14155551234
96,Benjamin,Scott,39,High St 5,Edinburgh,United Kingdom,447733112244
97,Charlotte,Evans,28,Royal Mile 3,Edinburgh,United Kingdom,447744556677
98,James,Adams,34,Calle Mayor 10,Madrid,Spain,346912345679
99,Lucia,Gomez,27,Gran Via 22,Madrid,Spain,34699887766
100,Diego,Ramos,31,Calle Sol 8,Barcelona,Spain,34695554444
